itemid,views,purchases,margin_per_unit,view_to_buy,potential_extra_purchases,potential_margin_recovered
5411,2325.0,0.0,38.57,0.0,65.640964,2531.771998
187946,3410.0,0.0,20.33,0.0,96.273414,1957.238517
111530,1397.0,11.0,38.3,0.007874,28.441044,1089.291985
370653,1854.0,0.0,19.6,0.0,52.343376,1025.93016
91755,1024.0,0.0,30.06,0.0,28.910257,869.042326
